{
  "learning_rate": 0.001278969128864385,
  "dropout": 0.2,
  "dense_units": 384,
  "timestamp": "14-04-2025-09hour-05min-35sec",
  "total_time_sec": 2761.452273130417
}