{
  "learning_rate": 0.00017227364973102345,
  "dropout": 0.4,
  "dense_units": 512,
  "timestamp": "14-04-2025-09hour-55min-06sec",
  "total_time_sec": 6389.977253913879
}