{
    "total_training_time_seconds": 1014.8081057071686,
    "final_train_accuracy": 0.1428571492433548,
    "final_val_accuracy": 0.1428571492433548,
    "timestamp": "14-04-2025-11hour-45min-44sec"
}