{
    "total_training_time_seconds": 3031.8129291534424,
    "final_train_accuracy": 0.5140816569328308,
    "final_val_accuracy": 0.5299999713897705,
    "timestamp": "14-04-2025-06hour-57min-19sec"
}