{
    "total_training_time_seconds": 2761.452273130417,
    "final_train_accuracy": 0.4969387650489807,
    "final_val_accuracy": 0.49714285135269165,
    "timestamp": "14-04-2025-09hour-05min-35sec"
}